name,sink,label,comments
passwordError,logging,FP,
HDB_PASSWORD,logging,TP,
BASIC_AUTH_PASSWORD,logging,TP,
publishingPassword,logging,TP,
_password,logging,TP,
TEST_PASSWORD,logging,TP,
ProvidedPassword,logging,TP,
MAILMAN_PASSWORD,logging,TP,
productionPassphrase,logging,TP,
GET_USER_PASSWORD,logging,TP,
passwordResetId,logging,FP,
x-password,logging,TP,
neuPassword1,logging,TP,
EMAIL_PASSWORD_RESET_BODY_HTML,logging,FP,
ownerpassword,logging,TP,
forgotPasswordOtp,logging,TP,FP of password regex but it caught OTP
BOTBUILDER_APP_PASSWORD,logging,TP,
BMS_DB_PASSWORD,logging,TP,
ExistingPassword,logging,FP,
PasswordNew,logging,TP,
SMTPPassword,logging,TP,
keystoreKeyPassword,logging,TP,
passphraseWarning,logging,FP,
BF_PASSWORD,logging,TP,
newUserPassword,logging,TP,
PASSWORD_MISSING,logging,FP,
password_token,logging,TP,not ideal to log token
passwordInput,logging,TP,
password_confirm,logging,TP,
vmUserPasswordVal,logging,TP,
forgotPasswordChange,logging,FP,
PasswordPolicy,logging,FP,
github_password,logging,TP,
owner_password,logging,TP,
_userPassword,logging,TP,
searchByEmailAndPassword,logging,FP,
ADMIN_PASSWORD,logging,TP,
replicaPassword,logging,TP,
savedPassword,logging,TP,
MissingPassword,logging,FP,
passwordValidationResult,logging,FP,
validPassword,logging,TP,
companyConfirmPassword,logging,TP,
svn_password,logging,TP,
MYSQL_PASSWORD,logging,TP,
Password,logging,TP,
resetPassword,logging,TP,
comaparePassword,logging,FP,
watsonPassword,logging,TP,
user_password,logging,TP,
db_password,logging,TP,
GAAS_ADMIN_PASSWORD,logging,TP,
correctPassword,logging,TP,
companyPasswordLog,logging,TP,
passport-default-identity-password,logging,TP,
UserPassword,logging,TP,
COGNITO_PASSWORD_RESET_BODY,logging,FP,
plainPassword,logging,TP,
hawkularPassword,logging,TP,
mongo_password,logging,TP,
KAFKA_PASSWORD,logging,TP,
dbUrlPassword,logging,TP,
DOCKER_REGISTRY_PASSWORD,logging,TP,
newPBKDF2Password,logging,TP,
authKey,logging,TP,
passwordCheck,logging,FP,
passwordBasedFile,logging,FP,
cur_password,logging,TP,
oldPassword,logging,TP,
PASSWORD_ITERATIONS,logging,FP,
password_confirmation,logging,TP,
DB_PASSWORD,logging,TP,
COGNITO_PASSWORD_RESET_SOURCE,logging,FP,
passwordModulePath,logging,FP,
REPOSITORY.MYSQL.PASSWORD,logging,TP,
appPassword,logging,TP,
resultPassword,logging,TP,
userWithPassword,logging,TP,
GANCIO_DB_PASSWORD,logging,TP,
secondPasswordFee,logging,FP,
signedMessageWithOnePassphrase,logging,TP,
grafanaPassword,logging,TP,
passwordConfirmationFormControl,logging,TP,
currentPassword,logging,TP,
NewPassword,logging,TP,
dashboardPassword,logging,TP,
confirm_password,logging,TP,
PRIVATE_KEY_PASSPHRASE,logging,TP,
passwordRep,logging,TP,
VRO_PASSWORD,logging,TP,
u_Password,logging,TP,
passwordSalt,logging,TP,
passwordFormControl,logging,FP,
DEFAULT_ADMIN_PASSWORD,logging,TP,
password,logging,TP,
repassword,logging,TP,
ORACLE_PASSWORD,logging,TP,
mongoSSLPassword,logging,TP,
withoutPassword,logging,FP,
recoveryPasswordDue,logging,FP,
hex_password,logging,TP,
repeatpassword,logging,TP,
WS_PASSWORD,logging,TP,
zip_password,logging,TP,
passwordStrings,logging,TP,
newPasswordRequired,logging,FP,
tmpPassword,logging,TP,
passwordSecret,logging,TP,
checkOldPassword,logging,FP,
COZY_PASSPHRASE,logging,TP,
SERVER_PASSWORD,logging,TP,
validConfirmPassword,logging,TP,
certPassphraseFromEnv,logging,TP,
enc_password,logging,TP,`enc` could mean encrypted
WARTHOG_DB_PASSWORD,logging,TP,
DBPASSWD,logging,TP,
PRODUCTION_PASSPHRASE,logging,TP,
new_password_2,logging,TP,
passwordToken,logging,TP,not ideal to log token
previousPasswords,logging,TP,
passwordMatch,logging,FP,
jiraPassword,logging,TP,
emailPassword,logging,TP,
passwordFile,logging,TP,probably not ideal to log password file
hasPasswordReset,logging,FP,
MINIMAL_PASSWORD_LENGTH,logging,FP,
save_password,logging,TP,
wifiPassword,logging,TP,
TS_GITHUB_PASSWORD,logging,TP,
userAuthForgottenPasswordEntity,logging,FP,
myPassword,logging,TP,
USER_ADMIN_PASSWORD,logging,TP,
origPassword,logging,TP,
forgotPasswordUrl,logging,FP,
oraclePassword,logging,TP,
enPassPhrase,logging,TP,
responseFromForgotPassword,logging,FP,
resetPasswordUrl,logging,FP,
MAILJET_PASSWORD_LINK,logging,FP,
last_password_reset,logging,FP,
isPasswordValid,logging,FP,
EVENTSTREAMS_PASSWORD,logging,TP,
COGNITO_PASSWORD_RESET_SUBJECT,logging,FP,
GW_PASSWORD_ENTER_REQ,logging,FP,
MULTICHAIN_RPC_PASSWORD,logging,TP,
responseFromUpdateForgottenPassword,logging,FP,
speakerPassword,logging,TP,
smtpPassword,logging,TP,
passPhrase,logging,TP,
DATABASE_PASSWORD,logging,TP,
defaultPassword,logging,TP,
dbpassword,logging,TP,
passwordChangeToken,logging,TP,not ideal to log token
imapUserPassword,logging,TP,
maybeAuthPassword,logging,TP,
TS_SELENIUM_PASSWORD,logging,TP,
newPassword,logging,TP,
AMQP_PASSWORD,logging,TP,
HTACCESS_AUTH_PASSWORD,logging,TP,
rootPassword,logging,TP,
webdav_password,logging,TP,
slowDownAfterWrongPassword,logging,FP,
youtubePassword,logging,TP,
restorePasswordLifetime,logging,FP,
foundPassword,logging,FP,
MYSQL_ROOT_PASSWORD,logging,TP,
repeatNewPassword,logging,TP,
ACCOUNT_PASSWORD,logging,TP,
wallet_password,logging,TP,
kafkaPassword,logging,TP,
PASSWORD_ADF,logging,TP,
keystorePassword,logging,TP,
GMAIL_PASSWORD,logging,TP,
authPassword,logging,TP,
responseFromComparePassword,logging,FP,
user,logging,FP,
passwordComplexity,logging,FP,
database_password,logging,TP,
NOTIFY_EMAIL_PASSWORD,logging,TP,
mysqlPassword,logging,TP,
mongoDbAuthPassword,logging,TP,
$u_Password,logging,TP,
changepassword,logging,TP,
isNewPasswordRequired,logging,FP,
AuthKey,logging,TP,
paramPassword,logging,TP,
passwordForSp,logging,TP,
body,logging,FP,
STORAGE_PASSWORD,logging,TP,
ConfirmPassword,logging,TP,
SVN_PASSWORD,logging,TP,
sfPassword,logging,TP,
EMAIL_PASSWORD_RESET_BODY,logging,FP,
isEnterCorrectPassword,logging,FP,
resetPasswordToken,logging,TP,not ideal to log token
KERBEROS_PASSWORD,logging,TP,
KEYCLOAK_ADMIN_PASSWORD,logging,TP,
inputPassword,logging,TP,
Newpassword,logging,TP,
passwordNode,logging,TP,unclear meaning of `Node`
passwordChanged,logging,FP,
passwordResetToken,logging,TP," not ideal to log token"
PG_PASSWORD,logging,TP,
buPassword,logging,TP,
plainpassword,logging,TP,
new_password_1,logging,TP,
gPassword,logging,TP,
gnipAuthKey,logging,TP,
IncorrectPassword,logging,TP,could be boolean or the actual incorrect password
resetPasswordMail,logging,FP,
REDIS_PASSWORD,logging,TP,
passwordBody,logging,TP,
OPENSTACK_PASSWORD,logging,TP,
sql_password,logging,TP,
pPassword,logging,TP,
_password1,logging,TP,
userPassword,logging,TP,
passwordCorrect,logging,TP,
passwordConf,logging,TP,
passwordMasked,logging,TP,masking password is not enough
CERT_PASSWORD,logging,TP,
rawPassword,logging,TP,
passwordResetUrl,logging,FP,
userpassword,logging,TP,
passwd,logging,TP,
BUG_REPORT_EMAIL_PASSWORD,logging,TP,
nkpassword,logging,TP,
AWS_RDB_PASSWORD,logging,TP,
forgot_password,logging,FP,
master_password,logging,TP,
invalidPassword,logging,TP,even invalid password should not be logged
TXPASSWD,logging,TP,
INSIGHTS_SUPERUSER_PASSWORD,logging,TP,
passwordNext,logging,TP,
cloudant_password,logging,TP,
SmtpPassword,logging,TP,
numPasswordFields,logging,FP,
password_reset_template,logging,FP,
passwordSplit,logging,TP,
neuPassword2,logging,TP,
gamePassword,logging,TP,
aesPassword,logging,TP,
agentPassword,logging,TP,
SQL_PASSWORD,logging,TP,
JSPassword,logging,TP,
docPasswordStr,logging,TP,
fromPassword,logging,TP,
env,logging,TP,should not log env
POSTGRESQL_PASSWORD,logging,TP,
FTP_PASSWORD,logging,TP,
passwordConfirmation,logging,TP,
lukaAuthKey,logging,TP,
clear_password,logging,TP,
showPassword,logging,TP,"just in case, probably talking about show password in login form"
PASSWORDRESET_URL_CONSOLE,logging,FP,
loginpassword,logging,TP,
POSTGRES_DJANGO_PASSWORD,logging,TP,
repositoryPassword,logging,TP,
remote_password,logging,TP,
userOrPassword,logging,TP,
servicePrincipalPassword,logging,TP,
checkPassword,logging,TP,
newPasswordInfo,logging,TP,
COGNITO_PASSWORD_RESET_URL,logging,FP,
masterpassword,logging,TP,
PLUGIN_PASSWORD,logging,TP,
eventstreamsPassword,logging,TP,
isTempPasswordMatch,logging,FP,
CONNECTION_INVALID_PASSWORD_ERROR,logging,FP,
rgpassword,logging,TP,
secondPassword,logging,TP,
forgotPasswordResponse,logging,FP,
password_i,logging,TP,
wifi_password,logging,TP,
mongoPassword,logging,TP,
filePassphrase,logging,TP,
passwordsMatch,logging,FP,
group_password,logging,TP,
SHOPIFY_PRIVATE_API_PASSWORD,logging,TP,
responseFromGeneratePassword,logging,FP,
CHANGE_PASSWORD,logging,TP,
PatientPassword,logging,TP,
wlanPassphrase,logging,TP,
email_smtp_password,logging,TP,
xmppPassword,logging,TP,
password_check_error,logging,FP,
temppassword,logging,TP,
storedPassword,logging,TP,
resetPasswordPage,logging,FP,
passwordPath,logging,TP,not ideal to show password path (whatever that is)
EMAIL_PASSWORD,logging,TP,
forgotPasswordToken,logging,TP,
incorrectPassword,logging,TP,
passwordModel,logging,TP,
gmailPassword,logging,TP,
loginformpassword,logging,TP,
passwordRequirements,logging,FP,
savepassword,logging,TP,
PASSWORD_FORMAT,logging,TP,
password_files,logging,TP,
bcryptedPassword,logging,TN,
cleaned_ssha_password,logging,TN,
codePassword,logging,FN,
combinedPasswordKeyHash,logging,TN,
cryptedPassword,logging,TN,
cryptoPasswd,logging,FN,
decryptedPassword,logging,FN,
decryptPassword,logging,FN,
encodedPassword,logging,TN,
encryptedOldPassword,logging,TN,
encrypted_password,logging,TN,
encryptedPassword,logging,TN,
encryptPassword,logging,TN,
ERRORCODE_USER_INVALID_USERNAME_OR_PASSWORD,logging,TN,
ERRORCODE_USER_PASSWORD_ERR,logging,TN,
expectedPasswordHash,logging,TN,
forgotPasswordCode,logging,FN,probably should not log this
fullLegacyHashedPassword,logging,TN,
hashed_password,logging,TN,
hashedPassword,logging,TN,
hashedUserPassword,logging,TN,
hash_password,logging,TN,
hashPassword,logging,TN,
ispasswordhash,logging,TN,
legacyHashedPassword,logging,TN,
md5Password,logging,TN,
newPasswordSha,logging,TN,
passcode,logging,FN,
PASSCODE,logging,FN,
passwordEncryptionKeyPath,logging,FN,
password_hash,logging,TN,
passwordHash,logging,TN,
passwordHashAlgorithm,logging,TN,
_passwordMD5,logging,TN,
passwordMD5,logging,TN,
_password_sha,logging,TN,
password_sha,logging,TN,
sha1Password,logging,TN,
ssha_password,logging,TN,
torHashedPassword,logging,TN,